Workbook

Sheet Cover
B2: BILL OF QUANTITIES
B4: ELECTRICAL POWER DISTRIBUTION WORKS
B7: Project | C7: Proposed B+G+8+R Commercial & Residential Building
B8: Owner | C8: Qutaiba Ameen Abdal Kija
B9: Plot No. | C9: 6731315 — Al Barsha South Third, Dubai, UAE
B10: Architect | C10: Engr. Samer Mahmoud Ajami (Reg. 105181)
B11: Structural | C11: Engr. Mohamad Maher Myaser Jabban (Reg. 101079)
B12: Consultant | C12: Future Art Engineering Consultancy
B13: Job No. | C13: FA_P379 / CRs B/010/25
B14: Drawing Ref | C14: P-001 … P-300 (14 sheets, Power Layout)
B15: Drawing Date | C15: 16.01.2026
B16: BOQ Date | C16: 05/05/2026
B17: Authority | C17: DEWA (Dubai Electricity & Water Authority)
B18: Status | C18: PRICED (INDICATIVE) — Dubai 2026 market rates · review before submission
B20: BUILDING ELECTRICAL LOAD
B21: Total Connected Load (TCL) | C21: 2117.06 kW
B22: Demand Factor | C22: 0.75
B23: Maximum Demand (MD) | C23: ~1597 kW
B25: SUMMARY OF SECTIONS
B26: Section | C26: Description | H26: Sheet Ref
B27: A | C27: LV Switchgear & Sub-Main Distribution Boards (SMDBs) | H27: Sheet A
B28: B | C28: Distribution Boards (DBs) & Consumer Units | H28: Sheet B
B29: C | C29: LV Power Cables — Main & Rising Mains | H29: Sheet C
B30: D | C30: LV Power Cables — Distribution (SMDB to DB) | H30: Sheet D
B31: E | C31: Cable Management — Trays, Ladders & Conduits | H31: Sheet E
B32: F | C32: Earthing & Bonding | H32: Sheet F
B33: G | C33: Sundries, Accessories & Testing/Commissioning | H33: Sheet G
B35: RECONCILIATION NOTES — corrections applied vs source data
B36: • LVP-01 → SMDB-1F…8F risers sized at 4C × 150mm² (PDF wins; XLSX source had 300mm², which is oversized for the 256 A load).
B37: • Fire-pump feeder sized at 1×4C 185mm² FR + 1C 95mm² ECC (PDF wins; XLSX source had 2×4C 300mm² FR, which is oversized for 167 A start).
B38: • ESMDB-G feeder sized at 4C × 300mm² FR (XLSX wins; PDF source had a 70mm² value in section 4 vs 300mm² in section 8.7 — 70mm² is undersized by ~3× for the 338 A load).
B39: • Building totals on Cover (TCL 2,117.06 kW · MD ~1,597 kW · DF 0.80) sourced from comparison PDF — no load_summary in live extraction.
B40: • Rate column F populated with INDICATIVE Dubai 2026 rates from scripts/lib/dubai-2026-rates.mjs. Review and adjust to actual supplier quotations before tender submission.
B42: STATUS: PRICED (INDICATIVE) — Dubai 2026 market rates · review before submission
B43: NOTE: All quantities are ESTIMATED. Cable lengths include 10% routing allowance. Confirm all quantities before procurement.

Sheet A - Switchgear & SMDBs
A1: BILL OF QUANTITIES — SECTION A: LV SWITCHGEAR & SUB-MAIN DISTRIBUTION BOARDS
A2: Project: Proposed B+G+8+R Commercial & Residential Building, Plot 6731315, Al Barsha South Third, Dubai, UAE | Job: FA_P379 / CRs B/010/25
A3: Item | B3: Description | C3: Reference | D3: Unit | E3: Qty | F3: Unit Rate (AED) | G3: Amount (AED) | H3: Remarks
A4: A1 — LV PANELS & MAIN SWITCHGEAR (Supply, Install, Test & Commission)
A5: A1.1 | B5: LVP-01: 3P+N+E, 415V, 50Hz, floor-standing, metal-clad LV switchboard, incl. 2000A main ACB (50 kA), busbars, metering. Outgoing: 8× 300A TP to SMDB-1F..8F. Complete as per SLD. | C5: P-200 / P-201 | D5: Nr | E5: 1 | F5: 600000 | G5: =IF(OR(E5="",F5=""),"",E5*F5) | H5: LVP-01 main panel
A6: A1.2 | B6: Capacitor Bank — 375 kVAR, 415V, automatic PF correction for LVP-01. | C6: SLD | D6: Nr | E6: 1 | F6: 78750 | G6: =IF(OR(E6="",F6=""),"",E6*F6) | H6: LVP-01 PF correction
A7: A1.3 | B7: LVP-02: 3P+N+E, 415V, 50Hz, floor-standing, metal-clad LV switchboard, incl. 1600A main ACB (50 kA), busbars, metering. Outgoing: 1× 500A TP to SMDB-RF, 1× 160A TP to SMDB-EV, 1× 125A TP to SMDB-G, 12× 50A TP to SMDB-SH01..12, 1× 400A TP to ESMDB-G, 1× 350A TP to Fire Pump. Complete as per SLD. | C7: P-200 / P-201 | D7: Nr | E7: 1 | F7: 450000 | G7: =IF(OR(E7="",F7=""),"",E7*F7) | H7: LVP-02 main panel
A8: A1.4 | B8: Capacitor Bank — 275 kVAR, 415V, automatic PF correction for LVP-02. | C8: SLD | D8: Nr | E8: 1 | F8: 57750 | G8: =IF(OR(E8="",F8=""),"",E8*F8) | H8: LVP-02 PF correction
A9: A1.5 | B9: Automatic Transfer Switch (ATS) Panel — 415V, 400A, 4P. Complete with controls and interlocking. | C9: SLD | D9: Nr | E9: 1 | F9: 80000 | G9: =IF(OR(E9="",F9=""),"",E9*F9) | H9: Mains/Gen changeover
A10: A1.6 | B10: Standby Generator — 300 kVA, 415V/3Ph/50Hz, diesel, weatherproof canopy, AMF panel, fuel tank, exhaust, anti-vibration mounts. Complete installed and commissioned. | C10: SLD | D10: Nr | E10: 1 | F10: 255000 | G10: =IF(OR(E10="",F10=""),"",E10*F10) | H10: Backup to essential
A11: Sub-Total A1 | G11: =SUM(G5:G10)
A13: A2 — SUB-MAIN DISTRIBUTION BOARDS (SMDBs) — Typical Floors
A14: A2.1 | B14: SMDB-1F: Floor-standing SMDB, 300A TP MCCB 35kA incomer, 415V, outgoing MCCBs as per SLD. Incl. busbar, earth bar, DIN rail, metering provisions. Supply, install, test & commission. Connected load: 150.86 kW. | C14: SLD | D14: Nr | E14: 1 | F14: 32000 | G14: =IF(OR(E14="",F14=""),"",E14*F14) | H14: 1F — 150.86 kW
A15: A2.2 | B15: SMDB-2F: Floor-standing SMDB, 300A TP MCCB 35kA incomer, 415V, outgoing MCCBs as per SLD. Incl. busbar, earth bar, DIN rail, metering provisions. Supply, install, test & commission. Connected load: 150.86 kW. | C15: SLD | D15: Nr | E15: 1 | F15: 32000 | G15: =IF(OR(E15="",F15=""),"",E15*F15) | H15: 2F — 150.86 kW
A16: A2.3 | B16: SMDB-3F: Floor-standing SMDB, 300A TP MCCB 35kA incomer, 415V, outgoing MCCBs as per SLD. Incl. busbar, earth bar, DIN rail, metering provisions. Supply, install, test & commission. Connected load: 150.86 kW. | C16: SLD | D16: Nr | E16: 1 | F16: 32000 | G16: =IF(OR(E16="",F16=""),"",E16*F16) | H16: 3F — 150.86 kW
A17: A2.4 | B17: SMDB-4F: Floor-standing SMDB, 300A TP MCCB 35kA incomer, 415V, outgoing MCCBs as per SLD. Incl. busbar, earth bar, DIN rail, metering provisions. Supply, install, test & commission. Connected load: 150.86 kW. | C17: SLD | D17: Nr | E17: 1 | F17: 32000 | G17: =IF(OR(E17="",F17=""),"",E17*F17) | H17: 4F — 150.86 kW
A18: A2.5 | B18: SMDB-5F: Floor-standing SMDB, 300A TP MCCB 35kA incomer, 415V, outgoing MCCBs as per SLD. Incl. busbar, earth bar, DIN rail, metering provisions. Supply, install, test & commission. Connected load: 150.86 kW. | C18: SLD | D18: Nr | E18: 1 | F18: 32000 | G18: =IF(OR(E18="",F18=""),"",E18*F18) | H18: 5F — 150.86 kW
A19: A2.6 | B19: SMDB-6F: Floor-standing SMDB, 300A TP MCCB 35kA incomer, 415V, outgoing MCCBs as per SLD. Incl. busbar, earth bar, DIN rail, metering provisions. Supply, install, test & commission. Connected load: 150.86 kW. | C19: SLD | D19: Nr | E19: 1 | F19: 32000 | G19: =IF(OR(E19="",F19=""),"",E19*F19) | H19: 6F — 150.86 kW
A20: A2.7 | B20: SMDB-7F: Floor-standing SMDB, 300A TP MCCB 35kA incomer, 415V, outgoing MCCBs as per SLD. Incl. busbar, earth bar, DIN rail, metering provisions. Supply, install, test & commission. Connected load: 150.86 kW. | C20: SLD | D20: Nr | E20: 1 | F20: 32000 | G20: =IF(OR(E20="",F20=""),"",E20*F20) | H20: 7F — 150.86 kW
A21: A2.8 | B21: SMDB-8F: Floor-standing SMDB, 300A TP MCCB 35kA incomer, 415V, outgoing MCCBs as per SLD. Incl. busbar, earth bar, DIN rail, metering provisions. Supply, install, test & commission. Connected load: 150.86 kW. | C21: SLD | D21: Nr | E21: 1 | F21: 32000 | G21: =IF(OR(E21="",F21=""),"",E21*F21) | H21: 8F — 150.86 kW
A22: Sub-Total A2 | G22: =SUM(G14:G21)
A24: A3 — SMDBs — Ground Floor, Roof, Services & Emergency
A25: A3.1 | B25: SMDB-TF-odd (Emergency SMDB): Floor-standing emergency board, 300A TP MCCB 35kA incomer, fire-rated cable terminations, generator-backed via ATS. Supply, install, test & commission. | C25: SLD | D25: Nr | E25: 4 | F25: 60000 | G25: =IF(OR(E25="",F25=""),"",E25*F25) | H25: 1F/3F/5F/7F — 150.86 kW
A26: A3.2 | B26: SMDB-TF-even (Emergency SMDB): Floor-standing emergency board, 300A TP MCCB 35kA incomer, fire-rated cable terminations, generator-backed via ATS. Supply, install, test & commission. | C26: SLD | D26: Nr | E26: 4 | F26: 60000 | G26: =IF(OR(E26="",F26=""),"",E26*F26) | H26: 2F/4F/6F/8F — 150.86 kW
A27: A3.3 | B27: SMDB-RF (Emergency SMDB): Floor-standing emergency board, 500A TP MCCB 35kA incomer, fire-rated cable terminations, generator-backed via ATS. Supply, install, test & commission. | C27: SLD | D27: Nr | E27: 1 | F27: 80000 | G27: =IF(OR(E27="",F27=""),"",E27*F27) | H27: Roof — 248.63 kW
A28: A3.4 | B28: SMDB-G (Emergency SMDB): Floor-standing emergency board, 125A TP MCCB 35kA incomer, fire-rated cable terminations, generator-backed via ATS. Supply, install, test & commission. | C28: SLD | D28: Nr | E28: 1 | F28: 25000 | G28: =IF(OR(E28="",F28=""),"",E28*F28) | H28: Ground — 60.55 kW
A29: A3.5 | B29: SMDB-EV (Emergency SMDB): Floor-standing emergency board, 160A TP MCCB 35kA incomer, fire-rated cable terminations, generator-backed via ATS. Supply, install, test & commission. | C29: SLD | D29: Nr | E29: 1 | F29: 32000 | G29: =IF(OR(E29="",F29=""),"",E29*F29) | H29: Basement — 88 kW
A30: A3.6 | B30: SMDB-SH01: Wall-mounted retail shop SMDB, 40A TP MCCB 35kA incomer, outgoing MCCBs for retail unit. Supply, install, test & commission. | C30: SLD | D30: Nr | E30: 1 | F30: 6000 | G30: =IF(OR(E30="",F30=""),"",E30*F30) | H30: Ground — 15 kW
A31: A3.7 | B31: SMDB-SH02: Wall-mounted retail shop SMDB, 40A TP MCCB 35kA incomer, outgoing MCCBs for retail unit. Supply, install, test & commission. | C31: SLD | D31: Nr | E31: 1 | F31: 6000 | G31: =IF(OR(E31="",F31=""),"",E31*F31) | H31: Ground — 15 kW
A32: A3.8 | B32: SMDB-SH03: Wall-mounted retail shop SMDB, 40A TP MCCB 35kA incomer, outgoing MCCBs for retail unit. Supply, install, test & commission. | C32: SLD | D32: Nr | E32: 1 | F32: 6000 | G32: =IF(OR(E32="",F32=""),"",E32*F32) | H32: Ground — 15 kW
A33: A3.9 | B33: SMDB-SH04: Wall-mounted retail shop SMDB, 40A TP MCCB 35kA incomer, outgoing MCCBs for retail unit. Supply, install, test & commission. | C33: SLD | D33: Nr | E33: 1 | F33: 6000 | G33: =IF(OR(E33="",F33=""),"",E33*F33) | H33: Ground — 15 kW
A34: A3.10 | B34: SMDB-SH05: Wall-mounted retail shop SMDB, 40A TP MCCB 35kA incomer, outgoing MCCBs for retail unit. Supply, install, test & commission. | C34: SLD | D34: Nr | E34: 1 | F34: 6000 | G34: =IF(OR(E34="",F34=""),"",E34*F34) | H34: Ground — 25 kW
A35: A3.11 | B35: SMDB-SH06: Wall-mounted retail shop SMDB, 40A TP MCCB 35kA incomer, outgoing MCCBs for retail unit. Supply, install, test & commission. | C35: SLD | D35: Nr | E35: 1 | F35: 6000 | G35: =IF(OR(E35="",F35=""),"",E35*F35) | H35: Ground — 10 kW
A36: A3.12 | B36: SMDB-SH07: Wall-mounted retail shop SMDB, 40A TP MCCB 35kA incomer, outgoing MCCBs for retail unit. Supply, install, test & commission. | C36: SLD | D36: Nr | E36: 1 | F36: 6000 | G36: =IF(OR(E36="",F36=""),"",E36*F36) | H36: Ground — 10 kW
... A43: A3.19 | B43: ESMDB-RF (Emergency SMDB): Floor-standing emergency board, 160A TP MCCB 35kA incomer, fire-rated cable terminations, generator-backed via ATS. Supply, install, test & commission. | C43: SLD | D43: Nr | E43: 1 | F43: 32000 | G43: =IF(OR(E43="",F43=""),"",E43*F43) | H43: Roof — 88.69 kW
A44: Sub-Total A3 | G44: =SUM(G25:G43)
A47: SECTION A — TOTAL | G47: =SUMIF(G4:G45,"<>")

Sheet B - Distribution Boards
A1: BILL OF QUANTITIES — SECTION B: DISTRIBUTION BOARDS (DBs) & CONSUMER UNITS
A2: Project: Proposed B+G+8+R Commercial & Residential Building, Plot 6731315, Al Barsha South Third, Dubai, UAE | Job: FA_P379 / CRs B/010/25
A3: Item | B3: Description | C3: Reference | D3: Unit | E3: Qty | F3: Unit Rate (AED) | G3: Amount (AED) | H3: Remarks
A4: B1 — DISTRIBUTION BOARDS (per cable schedule)
A5: B1.1 | B5: DB-G: Distribution board fed from SMDB-G, 63A TP incomer. 4C 16mm2 XLPE/SWA/PVC +1C 16mm2 ECC | C5: SLD | D5: Nr | E5: 1 | F5: 32 | G5: =IF(OR(E5="",F5=""),"",E5*F5) | H5: Ground
A6: B1.2 | B6: DB-F1: Distribution board fed from SMDB-G, 40A TP incomer. 4C 10mm2 XLPE/SWA/PVC +1C 10mm2 ECC | C6: SLD | D6: Nr | E6: 1 | F6: 22 | G6: =IF(OR(E6="",F6=""),"",E6*F6) | H6: Ground
A7: B1.3 | B7: DB-F4: Distribution board fed from SMDB-G, 40A TP incomer. 4C 10mm2 XLPE/SWA/PVC +1C 10mm2 ECC | C7: SLD | D7: Nr | E7: 1 | F7: 22 | G7: =IF(OR(E7="",F7=""),"",E7*F7) | H7: Ground
A8: B1.4 | B8: DB-F5: Distribution board fed from SMDB-G, 40A TP incomer. 4C 10mm2 XLPE/SWA/PVC +1C 10mm2 ECC | C8: SLD | D8: Nr | E8: 1 | F8: 22 | G8: =IF(OR(E8="",F8=""),"",E8*F8) | H8: Ground
A9: B1.5 | B9: DB-L.GYM: Distribution board fed from SMDB-RF, 40A TP incomer. 4C 10mm2 XLPE/SWA/PVC +1C 10mm2 ECC | C9: SLD | D9: Nr | E9: 1 | F9: 22 | G9: =IF(OR(E9="",F9=""),"",E9*F9) | H9: Roof
A10: B1.6 | B10: DB-G.GYM: Distribution board fed from SMDB-RF, 40A TP incomer. 4C 10mm2 XLPE/SWA/PVC +1C 10mm2 ECC | C10: SLD | D10: Nr | E10: 1 | F10: 22 | G10: =IF(OR(E10="",F10=""),"",E10*F10) | H10: Roof
A11: B1.7 | B11: DB-WM: Distribution board fed from SMDB-RF, 40A TP incomer. 2C 10mm2 XLPE/SWA/PVC +1C 10mm2 ECC | C11: SLD | D11: Nr | E11: 1 | F11: 12 | G11: =IF(OR(E11="",F11=""),"",E11*F11) | H11: Roof
A12: B1.8 | B12: EDB-G: Distribution board fed from ESMDB-G, 40A TP incomer. 4C 10mm2 FIRE RATED +1C 10mm2 ECC | C12: SLD | D12: Nr | E12: 1 | F12: 35 | G12: =IF(OR(E12="",F12=""),"",E12*F12) | H12: Ground
A13: B1.9 | B13: EDB-1F: Distribution board fed from ESMDB-G, 32A TP incomer. 4C 6mm2 FIRE RATED +1C 6mm2 ECC | C13: SLD | D13: Nr | E13: 1 | F13: 22 | G13: =IF(OR(E13="",F13=""),"",E13*F13) | H13: 1F
A14: B1.10 | B14: EDB-TEL: Distribution board fed from ESMDB-G, 40A TP incomer. 4C 10mm2 FIRE RATED +1C 10mm2 ECC | C14: SLD | D14: Nr | E14: 1 | F14: 35 | G14: =IF(OR(E14="",F14=""),"",E14*F14) | H14: Ground
A15: B1.11 | B15: EDB-PR: Distribution board fed from ESMDB-G, 40A TP incomer. 4C 10mm2 FIRE RATED +1C 10mm2 ECC | C15: SLD | D15: Nr | E15: 1 | F15: 35 | G15: =IF(OR(E15="",F15=""),"",E15*F15) | H15: Underground
A16: B1.12 | B16: EDB-4F: Distribution board fed from ESMDB-RF, 40A TP incomer. 4C 10mm2 FIRE RATED +1C 10mm2 ECC | C16: SLD | D16: Nr | E16: 1 | F16: 35 | G16: =IF(OR(E16="",F16=""),"",E16*F16) | H16: 4F
... A21: B1.17 | B21: DB-SHOP01 to DB-SHOP12: Distribution board fed from SMDB-SH01 to SMDB-SH12, TP incomer. Internal distribution by tenant | C21: SLD | D21: Nr | E21: 1 | F21: 12000 | G21: =IF(OR(E21="",F21=""),"",E21*F21) | H21: Ground
A22: Sub-Total B1 | G22: =SUM(G5:G21)
A25: SECTION B — TOTAL | G25: =SUMIF(G4:G23,"<>")

Sheet C - Main Cables (LV to SMDB)
A1: BILL OF QUANTITIES — SECTION C: LV POWER CABLES — MAIN & RISING MAINS (LV Panel to SMDBs)
A2: Project: Proposed B+G+8+R Commercial & Residential Building, Plot 6731315, Al Barsha South Third, Dubai, UAE | Job: FA_P379 / CRs B/010/25
A3: Item | B3: Description | C3: Reference | D3: Unit | E3: Qty | F3: Unit Rate (AED) | G3: Amount (AED) | H3: Remarks
A4: C1 — XLPE/SWA/PVC LV CABLES (LV Panel to SMDB) — Supply & Install incl. fixings, glands, terminations
A5: C1.1 | B5: 4C × 150mm² XLPE/SWA/PVC 600/1000V armoured cable — LVP-01 to SMDB-1F (4C 150mm2 XLPE/SWA/PVC +1x1x70mm2 ECC). Installed in cable tray/ladder. Incl. cable glands, lugs, ferrules and terminations at both ends. | C5: P-200 / P-201 | D5: m | E5: 25 | F5: 195 | G5: =IF(OR(E5="",F5=""),"",E5*F5)
A6: C1.2 | B6: 4C × 150mm² XLPE/SWA/PVC 600/1000V armoured cable — LVP-01 to SMDB-2F (4C 150mm2 XLPE/SWA/PVC +1x1x70mm2 ECC). Installed in cable tray/ladder. Incl. cable glands, lugs, ferrules and terminations at both ends. | C6: P-200 / P-201 | D6: m | E6: 29 | F6: 195 | G6: =IF(OR(E6="",F6=""),"",E6*F6)
A7: C1.3 | B7: 4C × 150mm² XLPE/SWA/PVC 600/1000V armoured cable — LVP-01 to SMDB-3F (4C 150mm2 XLPE/SWA/PVC +1x1x70mm2 ECC). Installed in cable tray/ladder. Incl. cable glands, lugs, ferrules and terminations at both ends. | C7: P-200 / P-201 | D7: m | E7: 33 | F7: 195 | G7: =IF(OR(E7="",F7=""),"",E7*F7)
A8: C1.4 | B8: 4C × 150mm² XLPE/SWA/PVC 600/1000V armoured cable — LVP-01 to SMDB-4F (4C 150mm2 XLPE/SWA/PVC +1x1x70mm2 ECC). Installed in cable tray/ladder. Incl. cable glands, lugs, ferrules and terminations at both ends. | C8: P-200 / P-201 | D8: m | E8: 37 | F8: 195 | G8: =IF(OR(E8="",F8=""),"",E8*F8)
A9: C1.5 | B9: 4C × 150mm² XLPE/SWA/PVC 600/1000V armoured cable — LVP-01 to SMDB-5F (4C 150mm2 XLPE/SWA/PVC +1x1x70mm2 ECC). Installed in cable tray/ladder. Incl. cable glands, lugs, ferrules and terminations at both ends. | C9: P-200 / P-201 | D9: m | E9: 41 | F9: 195 | G9: =IF(OR(E9="",F9=""),"",E9*F9)
A10: C1.6 | B10: 4C × 150mm² XLPE/SWA/PVC 600/1000V armoured cable — LVP-01 to SMDB-6F (4C 150mm2 XLPE/SWA/PVC +1x1x70mm2 ECC). Installed in cable tray/ladder. Incl. cable glands, lugs, ferrules and terminations at both ends. | C10: P-200 / P-201 | D10: m | E10: 45 | F10: 195 | G10: =IF(OR(E10="",F10=""),"",E10*F10)
A11: C1.7 | B11: 4C × 150mm² XLPE/SWA/PVC 600/1000V armoured cable — LVP-01 to SMDB-7F (4C 150mm2 XLPE/SWA/PVC +1x1x70mm2 ECC). Installed in cable tray/ladder. Incl. cable glands, lugs, ferrules and terminations at both ends. | C11: P-200 / P-201 | D11: m | E11: 49 | F11: 195 | G11: =IF(OR(E11="",F11=""),"",E11*F11)
A12: C1.8 | B12: 4C × 150mm² XLPE/SWA/PVC 600/1000V armoured cable — LVP-01 to SMDB-8F (4C 150mm2 XLPE/SWA/PVC +1x1x70mm2 ECC). Installed in cable tray/ladder. Incl. cable glands, lugs, ferrules and terminations at both ends. | C12: P-200 / P-201 | D12: m | E12: 53 | F12: 195 | G12: =IF(OR(E12="",F12=""),"",E12*F12)
A13: C1.9 | B13: 4C × 185mm² XLPE/SWA/PVC 600/1000V armoured cable — LVP-01 to SMDB-TF-odd (1X4C 185mm2 XLPE/SWA/PVC +1C 95mm2 ECC). Installed in cable tray/ladder. Incl. cable glands, lugs, ferrules and terminations at both ends. | C13: P-200 / P-201 | D13: m | E13: 45 | F13: 245 | G13: =IF(OR(E13="",F13=""),"",E13*F13)
A14: C1.10 | B14: 4C × 185mm² XLPE/SWA/PVC 600/1000V armoured cable — LVP-01 to SMDB-TF-even (1X4C 185mm2 XLPE/SWA/PVC +1C 95mm2 ECC). Installed in cable tray/ladder. Incl. cable glands, lugs, ferrules and terminations at both ends. | C14: P-200 / P-201 | D14: m | E14: 45 | F14: 245 | G14: =IF(OR(E14="",F14=""),"",E14*F14)
A15: C1.11 | B15: 4C × 150mm² XLPE/SWA/PVC 600/1000V armoured cable — LVP-02 to SMDB-RF (2X4C 150mm2 XLPE/SWA/PVC +1X1C 150mm2 ECC). Installed in cable tray/ladder. Incl. cable glands, lugs, ferrules and terminations at both ends. | C15: P-200 / P-201 | D15: m | E15: 65 | F15: 195 | G15: =IF(OR(E15="",F15=""),"",E15*F15)
A16: C1.12 | B16: 4C × 50mm² XLPE/SWA/PVC 600/1000V armoured cable — LVP-02 to SMDB-G (1X4C 50mm2 XLPE/SWA/PVC +1X1C 25mm2 ECC). Installed in cable tray/ladder. Incl. cable glands, lugs, ferrules and terminations at both ends. | C16: P-200 / P-201 | D16: m | E16: 15 | F16: 85 | G16: =IF(OR(E16="",F16=""),"",E16*F16)
... A29: C1.25 | B29: 4C × 16mm² XLPE/SWA/PVC 600/1000V armoured cable — LVP-02 to SMDB-SH12 (1X4C 16mm2 XLPE/SWA/PVC). Installed in cable tray/ladder. Incl. cable glands, lugs, ferrules and terminations at both ends. | C29: P-200 / P-201 | D29: m | E29: 42 | F29: 32 | G29: =IF(OR(E29="",F29=""),"",E29*F29)
A30: Sub-Total C1 (XLPE/SWA) | G30: =SUM(G5:G29)
A32: C2 — FIRE-RATED (FR) CABLES — Emergency & Fire Services Rising Mains
A33: C2.1 | B33: 4C × 300mm² Fire-Rated (BS6387 CWZ / IEC 60331) cable — LVP-02 to ESMDB-G (4C 300mm2 FIRE RATED +1C 35mm2 ECC). Installed in dedicated fire-rated conduit/tray. | C33: SLD | D33: m | E33: 15 | F33: 616 | G33: =IF(OR(E33="",F33=""),"",E33*F33)
A34: C2.2 | B34: 4C × 185mm² Fire-Rated (BS6387 CWZ / IEC 60331) cable — LVP-02 to Fire Pump (1X4C 185mm2 FP400 FIRE RATED +1C 95mm2 FR ECC, 350A TP). Installed in dedicated fire-rated conduit/tray. | C34: SLD | D34: m | E34: 35 | F34: 392 | G34: =IF(OR(E34="",F34=""),"",E34*F34)
A35: Sub-Total C2 (Fire Rated) | G35: =SUM(G33:G34)
A37: C3 — EARTH CONTINUITY CONDUCTORS (ECC) for Rising Mains
A38: C3.1 | B38: 1C × 35mm² bare/green-yellow XLPE ECC — alongside fire-rated cables. | C38: SLD | D38: m | E38: 50 | F38: 27 | G38: =IF(OR(E38="",F38=""),"",E38*F38) | H38: Allow per FR run
A39: C3.2 | B39: 1C × 10mm²–70mm² bare/green-yellow XLPE ECC — alongside all XLPE rising mains. (Allow per run) | C39: SLD | D39: m | E39: 785 | F39: 6 | G39: =IF(OR(E39="",F39=""),"",E39*F39) | H39: Estimate — confirm per run
A40: Sub-Total C3 (ECC) | G40: =SUM(G38:G39)
A43: SECTION C — TOTAL | G43: =SUMIF(G4:G41,"<>")

Sheet D - Distribution Cables
A1: BILL OF QUANTITIES — SECTION D: LV POWER CABLES — DISTRIBUTION (SMDB to DB)
A2: Project: Proposed B+G+8+R Commercial & Residential Building, Plot 6731315, Al Barsha South Third, Dubai, UAE | Job: FA_P379 / CRs B/010/25
A3: Item | B3: Description | C3: Reference | D3: Unit | E3: Qty | F3: Unit Rate (AED) | G3: Amount (AED) | H3: Remarks
A4: D1 — XLPE/SWA/PVC DISTRIBUTION CABLES — SMDB to DB
A5: D1.1 | B5: 4C × 16mm² XLPE/SWA/PVC 600/1000V armoured cable — SMDB-G to DB-G. | C5: SLD | D5: m | E5: 20 | F5: 32 | G5: =IF(OR(E5="",F5=""),"",E5*F5)
A6: D1.2 | B6: 4C × 10mm² XLPE/SWA/PVC 600/1000V armoured cable — SMDB-G to DB-F1. | C6: SLD | D6: m | E6: 15 | F6: 22 | G6: =IF(OR(E6="",F6=""),"",E6*F6)
A7: D1.3 | B7: 4C × 10mm² XLPE/SWA/PVC 600/1000V armoured cable — SMDB-G to DB-F4. | C7: SLD | D7: m | E7: 15 | F7: 22 | G7: =IF(OR(E7="",F7=""),"",E7*F7)
A8: D1.4 | B8: 4C × 10mm² XLPE/SWA/PVC 600/1000V armoured cable — SMDB-G to DB-F5. | C8: SLD | D8: m | E8: 15 | F8: 22 | G8: =IF(OR(E8="",F8=""),"",E8*F8)
A9: D1.5 | B9: 4C × 10mm² XLPE/SWA/PVC 600/1000V armoured cable — SMDB-RF to DB-L.GYM. | C9: SLD | D9: m | E9: 20 | F9: 22 | G9: =IF(OR(E9="",F9=""),"",E9*F9)
A10: D1.6 | B10: 4C × 10mm² XLPE/SWA/PVC 600/1000V armoured cable — SMDB-RF to DB-G.GYM. | C10: SLD | D10: m | E10: 20 | F10: 22 | G10: =IF(OR(E10="",F10=""),"",E10*F10)
A11: D1.7 | B11: 4C × 10mm² XLPE/SWA/PVC 600/1000V armoured cable — SMDB-RF to DB-WM. | C11: SLD | D11: m | E11: 15 | F11: 22 | G11: =IF(OR(E11="",F11=""),"",E11*F11)
A12: D1.8 | B12: 4C × 16mm² XLPE/SWA/PVC 600/1000V armoured cable — SMDB-TF-odd to DB-T01 to DB-T15 odd floors. | C12: SLD | D12: m | E12: 25 | F12: 32 | G12: =IF(OR(E12="",F12=""),"",E12*F12)
A13: D1.9 | B13: 4C × 16mm² XLPE/SWA/PVC 600/1000V armoured cable — SMDB-TF-even to DB-T01 to DB-T15 even floors. | C13: SLD | D13: m | E13: 25 | F13: 32 | G13: =IF(OR(E13="",F13=""),"",E13*F13)
A14: Sub-Total D1 | G14: =SUM(G5:G13)
A16: D2 — EMERGENCY DISTRIBUTION CABLES (Fire Rated)
A17: D2.1 | B17: 4C × 70mm² Fire-Rated cable — ESMDB-G to ESMDB-RF. | C17: SLD | D17: m | E17: 65 | F17: 176 | G17: =IF(OR(E17="",F17=""),"",E17*F17)
A18: D2.2 | B18: 4C × 10mm² Fire-Rated cable — ESMDB-G to EDB-G. | C18: SLD | D18: m | E18: 15 | F18: 35 | G18: =IF(OR(E18="",F18=""),"",E18*F18)
A19: D2.3 | B19: 4C × 6mm² Fire-Rated cable — ESMDB-G to EDB-1F. | C19: SLD | D19: m | E19: 25 | F19: 22 | G19: =IF(OR(E19="",F19=""),"",E19*F19)
A20: D2.4 | B20: 4C × 10mm² Fire-Rated cable — ESMDB-G to EDB-TEL. | C20: SLD | D20: m | E20: 15 | F20: 35 | G20: =IF(OR(E20="",F20=""),"",E20*F20)
A21: D2.5 | B21: 4C × 10mm² Fire-Rated cable — ESMDB-G to EDB-PR. | C21: SLD | D21: m | E21: 30 | F21: 35 | G21: =IF(OR(E21="",F21=""),"",E21*F21)
A22: D2.6 | B22: 4C × 10mm² Fire-Rated cable — ESMDB-RF to EDB-4F. | C22: SLD | D22: m | E22: 20 | F22: 35 | G22: =IF(OR(E22="",F22=""),"",E22*F22)
A23: D2.7 | B23: 4C × 10mm² Fire-Rated cable — ESMDB-RF to EDB-7F. | C23: SLD | D23: m | E23: 10 | F23: 35 | G23: =IF(OR(E23="",F23=""),"",E23*F23)
A24: D2.8 | B24: 4C × 10mm² Fire-Rated cable — ESMDB-RF to EDB-GSM-R. | C24: SLD | D24: m | E24: 15 | F24: 35 | G24: =IF(OR(E24="",F24=""),"",E24*F24)
A25: D2.9 | B25: 4C × 10mm² Fire-Rated cable — ESMDB-RF to Lift-01. | C25: SLD | D25: m | E25: 35 | F25: 35 | G25: =IF(OR(E25="",F25=""),"",E25*F25)
A26: D2.10 | B26: 4C × 10mm² Fire-Rated cable — ESMDB-RF to Lift-02. | C26: SLD | D26: m | E26: 35 | F26: 35 | G26: =IF(OR(E26="",F26=""),"",E26*F26)
A27: D2.11 | B27: 4C × 10mm² Fire-Rated cable — ESMDB-RF to Lift-03. | C27: SLD | D27: m | E27: 35 | F27: 35 | G27: =IF(OR(E27="",F27=""),"",E27*F27)
A28: D2.12 | B28: 4C × 10mm² Fire-Rated cable — ESMDB-RF to Booster Pump. | C28: SLD | D28: m | E28: 20 | F28: 35 | G28: =IF(OR(E28="",F28=""),"",E28*F28)
A29: Sub-Total D2 | G29: =SUM(G17:G28)
A32: SECTION D — TOTAL | G32: =SUMIF(G4:G30,"<>")

Sheet E - Cable Management
A1: BILL OF QUANTITIES — SECTION E: CABLE MANAGEMENT — TRAYS, LADDERS & CONDUITS
A2: Project: Proposed B+G+8+R Commercial & Residential Building, Plot 6731315, Al Barsha South Third, Dubai, UAE | Job: FA_P379 / CRs B/010/25
A3: Item | B3: Description | C3: Reference | D3: Unit | E3: Qty | F3: Unit Rate (AED) | G3: Amount (AED) | H3: Remarks
A4: E1 — CABLE TRAYS, LADDERS & CONDUITS
A5: E1.1 | B5: GI Hot-dip galvanised cable ladder, 500mm × 100mm side rail (vertical riser shaft, UG to Roof), c/w supports, brackets, bends, tees, fixings. | C5: SLD | D5: m | E5: 40 | F5: 640 | G5: =IF(OR(E5="",F5=""),"",E5*F5)
A6: E1.2 | B6: GI Hot-dip galvanised cable ladder, 300mm × 100mm side rail (horizontal at each floor riser→SMDB), c/w supports, brackets, bends, tees, fixings. | C6: SLD | D6: m | E6: 130 | F6: 385 | G6: =IF(OR(E6="",F6=""),"",E6*F6)
A7: E1.3 | B7: GI perforated cable tray, 200mm × 50mm (corridor distribution 1F–8F), c/w supports, brackets, bends, tees, fixings. | C7: SLD | D7: m | E7: 400 | F7: 310 | G7: =IF(OR(E7="",F7=""),"",E7*F7)
A8: E1.4 | B8: GI perforated cable tray, 100mm × 50mm (branch distribution to DBs), c/w supports, brackets, bends, tees, fixings. | C8: SLD | D8: m | E8: 300 | F8: 160 | G8: =IF(OR(E8="",F8=""),"",E8*F8)
A9: E1.5 | B9: GI perforated cable tray, 200mm × 50mm (Ground floor retail/common), c/w supports, brackets, bends, tees, fixings. | C9: SLD | D9: m | E9: 100 | F9: 310 | G9: =IF(OR(E9="",F9=""),"",E9*F9)
A10: E1.6 | B10: GI perforated cable tray, 300mm × 75mm (Roof mechanical), c/w supports, brackets, bends, tees, fixings. | C10: SLD | D10: m | E10: 80 | F10: 385 | G10: =IF(OR(E10="",F10=""),"",E10*F10)
A11: E1.7 | B11: 25mm uPVC conduit c/w draw wire, saddles, junction boxes, c/w supports, brackets, bends, tees, fixings. | C11: SLD | D11: m | E11: 535 | F11: 48 | G11: =IF(OR(E11="",F11=""),"",E11*F11)
A12: E1.8 | B12: 32mm uPVC conduit (cable tray to SMDB at each floor), c/w supports, brackets, bends, tees, fixings. | C12: SLD | D12: m | E12: 80 | F12: 62 | G12: =IF(OR(E12="",F12=""),"",E12*F12)
A13: E1.9 | B13: 20mm uPVC conduit (final-circuit drops to outlets), c/w supports, brackets, bends, tees, fixings. | C13: SLD | D13: m | E13: 400 | F13: 48 | G13: =IF(OR(E13="",F13=""),"",E13*F13)
A14: E1.10 | B14: 25mm GI rigid conduit — fire-rated for emergency cable routes (staircase wells, fire shafts), c/w supports, brackets, bends, tees, fixings. | C14: SLD | D14: m | E14: 200 | F14: 77 | G14: =IF(OR(E14="",F14=""),"",E14*F14)
A15: Sub-Total E1 | G15: =SUM(G5:G14)
A18: SECTION E — TOTAL | G18: =SUMIF(G4:G16,"<>")

Sheet Summary of BOQ
A1: BILL OF QUANTITIES — SUMMARY
A2: Proposed B+G+8+R Commercial & Residential Building | Plot 6731315, Al Barsha South Third, Dubai, UAE | FA_P379 / CRs B/010/25
A4: Section | B4: Description | C4: Sheet Ref | D4: Sub-Total (AED) | E4: Notes
A5: A | B5: LV Switchgear & Sub-Main Distribution Boards (SMDBs) | C5: Sheet A | D5: ='A - Switchgear & SMDBs'!G47 -> 0 | E5: LV panels, ATS, gen, SMDBs
A6: B | B6: Distribution Boards (DBs) & Consumer Units | C6: Sheet B | D6: ='B - Distribution Boards'!G25 -> 0 | E6: Apt + comm + retail + emerg
A7: C | B7: LV Power Cables — Main & Rising Mains (LV→SMDB) | C7: Sheet C | D7: ='C - Main Cables (LV to SMDB)'!G43 -> 0 | E7: XLPE/SWA + Fire-Rated + ECC
A8: D | B8: LV Power Cables — Distribution (SMDB→DB) | C8: Sheet D | D8: ='D - Distribution Cables'!G32 -> 0 | E8: Distribution cables + bulk
A9: E | B9: Cable Management — Trays, Ladders & Conduits | C9: Sheet E | D9: ='E - Cable Management'!G18 -> 0 | E9: GI ladder, tray, conduit
A10: F | B10: Earthing & Bonding | C10: Sheet F | D10: ='F - Earthing & Bonding'!G15 -> 0 | E10: Earth pits, MEB, conductors
A11: G | B11: Sundries, Accessories & T&C | C11: Sheet G | D11: ='G - Sundries & T&C'!G24 -> 0 | E11: Labels, fire stop, T&C, DEWA
A12: SUB-TOTAL (Sections A–G) | D12: =SUM(D5:D11) -> 0
A13: Contingency (10%) | D13: =D12*0.1 -> 0
A14: VAT (5%) | D14: =(D12+D13)*0.05 -> 0
A15: GRAND TOTAL (incl. Contingency & VAT) | D15: =D12+D13+D14 -> 0
A17: INSTRUCTIONS: Enter unit rates (AED) in column F of each section sheet. Per-row Amounts and section totals roll up here automatically.

Sheet F - Earthing & Bonding
A1: BILL OF QUANTITIES — SECTION F: EARTHING & BONDING
A2: Project: Proposed B+G+8+R Commercial & Residential Building, Plot 6731315, Al Barsha South Third, Dubai, UAE | Job: FA_P379 / CRs B/010/25
A3: Item | B3: Description | C3: Reference | D3: Unit | E3: Qty | F3: Unit Rate (AED) | G3: Amount (AED) | H3: Remarks
A4: F1 — MAIN EARTHING SYSTEM
A5: F1.1 | B5: Main earth bar (MEB) in LV room — 50×6mm copper busbar, drilled and labelled, c/w insulators and fixing | C5: SLD | D5: Nr | E5: 2 | F5: 14 | G5: =IF(OR(E5="",F5=""),"",E5*F5)
A6: F1.2 | B6: Earth pit (BS 7430 / DEWA) — 1200mm copper-bonded steel earth rod, inspection chamber, backfill, conductor clamp. Test < 1 Ω | C6: SLD | D6: Nr | E6: 4 | F6: 640 | G6: =IF(OR(E6="",F6=""),"",E6*F6)
A7: F1.3 | B7: 1C × 95mm² bare copper earth conductor — MEB to earth pits and DEWA earth terminal | C7: SLD | D7: m | E7: 30 | F7: 36 | G7: =IF(OR(E7="",F7=""),"",E7*F7)
A8: F1.4 | B8: 1C × 50mm² green/yellow PVC earth conductor — MEB to structural steel bonding points, water/gas entry | C8: SLD | D8: m | E8: 40 | F8: 23 | G8: =IF(OR(E8="",F8=""),"",E8*F8)
A9: F1.5 | B9: 1C × 35mm² green/yellow XLPE earth conductor — MEB to sub-earth bar at each SMDB | C9: SLD | D9: m | E9: 400 | F9: 17 | G9: =IF(OR(E9="",F9=""),"",E9*F9)
A10: F1.6 | B10: 1C × 10mm² green/yellow PVC earth conductor — SMDB earth bar to each DB on residential floors | C10: SLD | D10: m | E10: 600 | F10: 6 | G10: =IF(OR(E10="",F10=""),"",E10*F10)
A11: F1.7 | B11: Supplementary bonding conductor 4mm² — pipework, trays, equipment frames (provisional) | C11: SLD | D11: Item | E11: 1 | F11: 11 | G11: =IF(OR(E11="",F11=""),"",E11*F11)
A12: Sub-Total F1 | G12: =SUM(G5:G11)
A15: SECTION F — TOTAL | G15: =SUMIF(G4:G13,"<>")

Sheet G - Sundries & T&C
A1: BILL OF QUANTITIES — SECTION G: SUNDRIES, ACCESSORIES & TESTING/COMMISSIONING
A2: Project: Proposed B+G+8+R Commercial & Residential Building, Plot 6731315, Al Barsha South Third, Dubai, UAE | Job: FA_P379 / CRs B/010/25
A3: Item | B3: Description | C3: Reference | D3: Unit | E3: Qty | F3: Unit Rate (AED) | G3: Amount (AED) | H3: Remarks
A4: G1 — ACCESSORIES & SUNDRIES
A5: G1.1 | B5: Cable identification labels — self-adhesive ferrules at both ends. Include as-installed labelling matching cable schedule. | C5: — | D5: Item | E5: 1 | F5: 18000 | G5: =IF(OR(E5="",F5=""),"",E5*F5)
A6: G1.2 | B6: Cable cleats and ties — stainless steel, max 400mm spacing on vertical runs and 900mm on horizontal. | C6: — | D6: Item | E6: 1 | F6: 510 | G6: =IF(OR(E6="",F6=""),"",E6*F6)
A7: G1.3 | B7: Fire stopping — intumescent compounds, collars, pillows at all cable penetrations through fire-rated walls/slabs/risers. Restore fire rating. | C7: — | D7: Item | E7: 1 | F7: 28000 | G7: =IF(OR(E7="",F7=""),"",E7*F7)
A8: G1.4 | B8: Smoke / fire barriers at all electrical-riser floor penetrations — proprietary fire-rated barrier system. Allow per floor. | C8: — | D8: Nr | E8: 12 | F8: 4500 | G8: =IF(OR(E8="",F8=""),"",E8*F8)
A9: G1.5 | B9: Temporary power supply during construction — provisional sum. | C9: — | D9: Sum | E9: 1 | F9: 85000 | G9: =IF(OR(E9="",F9=""),"",E9*F9)
A10: Sub-Total G1 | G10: =SUM(G5:G9)
A12: G2 — TESTING & COMMISSIONING
A13: G2.1 | B13: Insulation resistance testing (500V Megger) of all LV cables. Report included. | C13: DEWA/IEC | D13: Item | E13: 1 | F13: 18000 | G13: =IF(OR(E13="",F13=""),"",E13*F13)
A14: G2.2 | B14: Continuity and polarity testing of all circuits. | C14: DEWA/IEC | D14: Item | E14: 1 | F14: 12000 | G14: =IF(OR(E14="",F14=""),"",E14*F14)
A15: G2.3 | B15: Earth fault loop impedance testing at all boards. | C15: DEWA/IEC | D15: Item | E15: 1 | F15: 8500 | G15: =IF(OR(E15="",F15=""),"",E15*F15)
A16: G2.4 | B16: RCD testing at all RCD-protected circuits. | C16: DEWA/IEC | D16: Item | E16: 1 | F16: 5500 | G16: =IF(OR(E16="",F16=""),"",E16*F16)
A17: G2.5 | B17: ATS changeover testing — simulate mains failure, verify auto-switchover. Include full load test. | C17: DEWA/IEC | D17: Item | E17: 1 | F17: 80000 | G17: =IF(OR(E17="",F17=""),"",E17*F17)
A18: G2.6 | B18: Power factor correction verification — record PF before/after capacitor bank energisation. | C18: DEWA/IEC | D18: Item | E18: 1 | F18: 8500 | G18: =IF(OR(E18="",F18=""),"",E18*F18)
A19: G2.7 | B19: Full DEWA inspection and approval — application fees, inspections, rectifications until final approval. Provisional sum. | C19: DEWA/IEC | D19: Sum | E19: 1 | G19: =IF(OR(E19="",F19=""),"",E19*F19)
A20: G2.8 | B20: As-built drawings (AutoCAD + PDF) and O&M Manuals — full set for LV distribution system. | C20: DEWA/IEC | D20: Item | E20: 1 | F20: 38000 | G20: =IF(OR(E20="",F20=""),"",E20*F20)
A21: Sub-Total G2 | G21: =SUM(G13:G20)
A24: SECTION G — TOTAL | G24: =SUMIF(G4:G22,"<>")
